<EDC>
	<TXFUNCTION>
		<SIGNON>
			<enable>1</enable>
			<visible>1</visible>
			<itemname>登入</itemname>
			<needpassword>0</needpassword>
			<PASSWORD>0000</PASSWORD>
  	</SIGNON>
		<ADDVALUE>
		<enable>0</enable>
		<visible>1</visible>
		<itemname>加值 </itemname>
		<needpassword>0</needpassword>
		<PASSWORD>0000</PASSWORD>
	</ADDVALUE>
	<RETURN>	
		<enable>0</enable>
		<visible>1</visible>
		<itemname>退貨</itemname>
		<needpassword>0</needpassword>
		<PASSWORD>0000</PASSWORD>
	</RETURN>
	<DEDUCT>	
		<enable>0</enable>
		<visible>1</visible>
		<itemname>購貨</itemname>
		<needpassword>0</needpassword>
		<PASSWORD>0000</PASSWORD>
	</DEDUCT>
	<CANCELTXN>
		<enable>0</enable>
		<visible>1</visible>
		<itemname>取消</itemname>
		<needpassword>0</needpassword>
		<PASSWORD>0000</PASSWORD>
	</CANCELTXN>
	<SETVALUE>	
		<enable>0</enable>
		<visible>1</visible>
		<itemname>展期</itemname>
		<needpassword>0</needpassword>
		<PASSWORD>0000</PASSWORD>
	</SETVALUE>
	<AUTOLOADENABLE>	
		<enable>0</enable>
		<visible>1</visible>
		<itemname>自動加值功能開啟</itemname>
		<needpassword>0</needpassword>
		<PASSWORD>0000</PASSWORD>
	</AUTOLOADENABLE>
	<AUTOLOAD>	
		<enable>0</enable>
		<visible>0</visible>
		<itemname>自動加值</itemname>
		<needpassword>0</needpassword>
		<PASSWORD>0000</PASSWORD>
	</AUTOLOAD>
	<SETTLE>
		<enable>1</enable>
		<visible>1</visible>
		<itemname>結帳</itemname>
		<needpassword>0</needpassword>
		<PASSWORD>0000</PASSWORD>
	</SETTLE>
	
</TXFUNCTION>
<MAINFUNCTION>
	<TX>
			<enable>1</enable>
			<visible>1</visible>
			<itemname>交易</itemname>
			<needpassword>0</needpassword>
			<PASSWORD>0000</PASSWORD>	
	</TX>
	<INQUERY>
		<enable>1</enable>
		<visible>1</visible>
		<itemname>查詢</itemname>
		<needpassword>0</needpassword>
		<PASSWORD>0000</PASSWORD>
	</INQUERY>	
	<SETTING>
			<enable>1</enable>
			<visible>1</visible>
			<itemname>設定</itemname>
			<needpassword>0</needpassword>
			<PASSWORD>0000</PASSWORD>
	</SETTING>	
	<SYSTEM>
		<enable>1</enable>
		<visible>1</visible>
		<itemname>系統</itemname>
		<needpassword>0</needpassword>
		<PASSWORD>0000</PASSWORD>
	</SYSTEM>	
	<SETTLE>
		<enable>1</enable>
		<visible>1</visible>
		<itemname>結帳</itemname>
		<needpassword>0</needpassword>
		<PASSWORD>0000</PASSWORD>
	</SETTLE>
</MAINFUNCTION>
</EDC>