<RESPONSE>
  <AP>
    <CODE0000 num="0000" action="OK"><STRING1>成功</STRING1></CODE0000>  
   
  	<CODE0201 num="0201" action="FAIL"><STRING1>無效參數</STRING1></CODE0201>
  	<CODE0202 num="0202" action="FAIL"><STRING1>系統故障</STRING1></CODE0202>
  	<CODE0203 num="0203" action="FAIL"><STRING1>缺乏參數</STRING1></CODE0203>
  	<CODE2C01 num="2C01" action="FAIL"><STRING1>無效參數</STRING1></CODE2C01>
  	<CODE2C02 num="2C02" action="FAIL"><STRING1>無效AP TABLE</STRING1></CODE2C02>
  	<CODE2C03 num="2C03" action="FAIL"><STRING1>找不到AP</STRING1></CODE2C03>
  	<CODE2C04 num="2C04" action="FAIL"><STRING1>無效AP</STRING1></CODE2C04>
  	<CODE2C05 num="2C05" action="FAIL"><STRING1>儲存空間不足</STRING1></CODE2C05>
  	<CODE2C06 num="2C06" action="FAIL"><STRING1>REACH_MAX_NO_AP</STRING1></CODE2C06>
  	<CODE2C07 num="2C07" action="FAIL"><STRING1>NO AP EXECUTED</STRING1></CODE2C07>
  	<CODE2C08 num="2C08" action="FAIL"><STRING1>AP_ZERO_LENGTH</STRING1></CODE2C08>
  	<CODE2C09 num="2C09" action="FAIL"><STRING1>INVALITYPE</STRING1></CODE2C09>
  	<CODE2C0A num="2C0A" action="FAIL"><STRING1>PM_SHARLIBRARY_OPEN</STRING1></CODE2C0A>
  	<CODE2C0B num="2C0B" action="FAIL"><STRING1>PM_UNEXPECTEERROR</STRING1></CODE2C0B>
  	<CODE2A01 num="2A01" action="FAIL"><STRING1>ULINVALIPARA</STRING1></CODE2A01>
  	<CODE2A02 num="2A02" action="FAIL"><STRING1>PORT_OPEN_FAILED</STRING1></CODE2A02>
  	<CODE2A03 num="2A03" action="FAIL"><STRING1>KEY_NOT_RECEIVED</STRING1></CODE2A03>
  	<CODE2A04 num="2A04" action="FAIL"><STRING1>VERIFY_FAILED</STRING1></CODE2A04>
  	<CODE2A05 num="2A05" action="FAIL"><STRING1>ULSIGN_NOT_RECEIVED</STRING1></CODE2A05>
  	<CODE2A06 num="2A06" action="FAIL"><STRING1>ULHEADER_NOT_RECEIVED</STRING1></CODE2A06>
  	<CODE2A07 num="2A07" action="FAIL"><STRING1>ULFILE_NOT_READY</STRING1></CODE2A07>
  	<CODE2A08 num="2A08" action="FAIL"><STRING1>ULRECEIVE_ERROR</STRING1></CODE2A08>
  	<CODE2A09 num="2A09" action="FAIL"><STRING1>ULRECEIVE_TIMEOUT</STRING1></CODE2A09>
  	<CODE2A0A num="2A0A" action="FAIL"><STRING1>ULTOTAL_TIMEOUT</STRING1></CODE2A0A>
  	<CODE2A0B num="2A0B" action="FAIL"><STRING1>ULLOCKED</STRING1></CODE2A0B>
  	<CODE2A0C num="2A0C" action="FAIL"><STRING1>ULINVALID</STRING1></CODE2A0C>
  	<CODE2A0D num="2A0D" action="FAIL"><STRING1>ULPASSWORINCORRECT</STRING1></CODE2A0D>
  	<CODE2A0E num="2A0E" action="FAIL"><STRING1>ULAP_NOT_EXIST</STRING1></CODE2A0E>
  	<CODE2A40 num="2A40" action="FAIL"><STRING1>ULTIMEOUT</STRING1></CODE2A40>
  	<CODE0E01 num="0E01" action="FAIL"><STRING1>ULPASSWORINCORRECT</STRING1></CODE0E01>
  	<CODE0E02 num="0E02" action="FAIL"><STRING1>LEINVALIPARA</STRING1></CODE0E02>
  	<CODE1F01 num="1F01" action="FAIL"><STRING1>BKLIT_NOT_SUPPORT</STRING1></CODE1F01>  	
  	<CODE0401 num="0401" action="FAIL"><STRING1>TIMER_INVALIPARA</STRING1></CODE0401>
  	<CODE0402 num="0402" action="FAIL"><STRING1>TIMER_HAL_FAULT</STRING1></CODE0402>
  	<CODE0403 num="0403" action="FAIL"><STRING1>RTC_INVALIPARA</STRING1></CODE0403>
  	<CODE0404 num="0404" action="FAIL"><STRING1>RTC_HAL_FAULT</STRING1></CODE0404>
    <CODE1001 num="1001" action="FAIL"><STRING1>RTC_INVALIPARA</STRING1></CODE1001>
  	<CODE1002 num="1002" action="FAIL"><STRING1>RTC_HAL_FAULT</STRING1></CODE1002>  
    <CODE0801 num="0801" action="FAIL"><STRING1>CRYPTO_INVALIPARA</STRING1></CODE0801>
    <CODE0802 num="0802" action="FAIL"><STRING1>CRYPTO_HAL_FAULT</STRING1></CODE0802>
    <CODE0803 num="0803" action="FAIL"><STRING1>CRYPTO_RNG_TIMEOUT</STRING1></CODE0803>
    <CODE0A01 num="0A01" action="FAIL"><STRING1>RS232_INVALIPARA</STRING1></CODE0A01>
    <CODE0A02 num="0A02" action="FAIL"><STRING1>RS232_HAL_FAULT</STRING1></CODE0A02>
    <CODE0A03 num="0A03" action="FAIL"><STRING1>RS232_BUSY</STRING1></CODE0A03>
    <CODE0A04 num="0A04" action="FAIL"><STRING1>RS232_NOT_OPEN</STRING1></CODE0A04>
    <CODE0A05 num="0A05" action="FAIL"><STRING1>RS232_NOT_SUPPORT</STRING1></CODE0A05>    
    <CODE4201 num="4201" action="FAIL"><STRING1>ETHERNET_INVALIPARA</STRING1></CODE4201>
    <CODE4202 num="4202" action="FAIL"><STRING1>ETHERNET_NOT_OPEN</STRING1></CODE4202>
    <CODE4203 num="4203" action="FAIL"><STRING1>ETHERNET_NOT_ONLINE</STRING1></CODE4203>
    <CODE4204 num="4204" action="FAIL"><STRING1>ETHERNET_TIMEOUT</STRING1></CODE4204>
    <CODE4205 num="4205" action="FAIL"><STRING1>ETHERNET_INSUFFICIENT_CMBUF</STRING1></CODE4205>
    <CODE4206 num="4206" action="FAIL"><STRING1>ETHERNET_CMINVALIRESPONSE</STRING1></CODE4206>
    <CODE4207 num="4208" action="FAIL"><STRING1>ETHERNET_CMNOT_SUCCESS</STRING1></CODE4207>
    <CODE4208 num="4208" action="FAIL"><STRING1>ETHERNET_TX_BUSY</STRING1></CODE4208>
    <CODE4209 num="4209" action="FAIL"><STRING1>ETHERNET_NOT_SUPPORTED</STRING1></CODE4209>
    <CODE420A num="420A" action="FAIL"><STRING1>ETHERNET_NOT_DATA_MODE</STRING1></CODE420A>
    <CODE420B num="420B" action="FAIL"><STRING1>ETHERNET_SOCKET_ALREADYOPENED</STRING1></CODE420B>
    <CODE420C num="420C" action="FAIL"><STRING1>ETHERNET_ALREADY_OPENED</STRING1></CODE420C>
    <CODE420D num="420D" action="FAIL"><STRING1>ETHERNET_HARDWARE_ERROR</STRING1></CODE420D>
    <CODE420E num="420E" action="FAIL"><STRING1>ETHERNET_GDB_RUNNING</STRING1></CODE420E>
    <CODE4214 num="4214" action="FAIL"><STRING1>ETHERNET_DNS_INVALIFORMAT</STRING1></CODE4214>
    <CODE4215 num="4215" action="FAIL"><STRING1>ETHERNET_DNS_SERVER_FAILURE</STRING1></CODE4215>
    <CODE4216 num="4216" action="FAIL"><STRING1>ETHERNET_DNS_REQUEST_NOT_EXIST</STRING1></CODE4216>
    <CODE4217 num="4217" action="FAIL"><STRING1>ETHERNET_DNS_SERVER_REFUSED</STRING1></CODE4217>
    <CODE4218 num="4218" action="FAIL"><STRING1>ETHERNET_DNS_SERVER_REFUSED</STRING1></CODE4218>
    <CODE4219 num="4219" action="FAIL"><STRING1>ETHERNET_FTP_NOT_OPEN</STRING1></CODE4219>
    <CODE421A num="421A" action="FAIL"><STRING1>ETHERNET_FTP_GETDIR_FAILED</STRING1></CODE421A>
    <CODE421B num="421B" action="FAIL"><STRING1>ETHERNET_FTP_CHANGEDIR_FAILED</STRING1></CODE421B>
    <CODE421C num="421C" action="FAIL"><STRING1>ETHERNET_FTP_LIST_NOT_READY</STRING1></CODE421C>
    <CODE421D num="421D" action="FAIL"><STRING1>ETHERNET_FTP_BUSY</STRING1></CODE421D>
   <CODE421E num="421E" action="FAIL"><STRING1>ETHERNET_FTP_REQUEST_PASSWORD</STRING1></CODE421E>
   <CODE421F num="421F" action="FAIL"><STRING1>ETHERNET_FTP_LOGIN_FAILED</STRING1></CODE421F>
   <CODE4220 num="4220" action="FAIL"><STRING1>ETHERNET_FTP_RESPONSE_TIMEOUT</STRING1></CODE4220>
   <CODE4222 num="4222" action="FAIL"><STRING1>ETHERNET_FTP_DATACONN_FAILED</STRING1></CODE4222>
   <CODE4223 num="4223" action="FAIL"><STRING1>ETHERNET_FTP_RECONNETION_FAILED</STRING1></CODE4223>
   <CODE4224 num="4224" action="FAIL"><STRING1>ETHERNET_FTP_DOWNLOADFILE_FAILED</STRING1></CODE4224>
   <CODE4225 num="4225" action="FAIL"><STRING1>ETHERNET_FTP_UPLOADFILE_FAILED</STRING1></CODE4225>
   <CODE4226 num="4226" action="FAIL"><STRING1>ETHERNET_NOT_ENABLE</STRING1></CODE4226> 
   <CODE9999 num="9999" action="FAIL"><STRING1>失敗</STRING1></CODE9999>
   <CODE9998 num="9998" action="FAIL"><STRING1>讀取tag失敗</STRING1></CODE9998>
   <CODE9997 num="9997" action="FAIL"><STRING1>檔案不存在</STRING1></CODE9997>
   <CODE9996 num="9996" action="FAIL"><STRING1>檔案長度錯誤</STRING1></CODE9996>
   <CODE9995 num="9995" action="FAIL"><STRING1>檔案讀取失敗</STRING1></CODE9995>
   <CODE9994 num="9994" action="FAIL"><STRING1>檔案寫入失敗</STRING1></CODE9994>
   <CODE9993 num="9993" action="FAIL"><STRING1>檔案無法開啟</STRING1></CODE9993>
   <CODE9992 num="9992" action="FAIL"><STRING1></STRING1></CODE9992>
   <CODE9991 num="9991" action="FAIL"><STRING1></STRING1></CODE9991>
   <CODE9990 num="9990" action="FAIL"><STRING1></STRING1></CODE9990>
   <CODE9989 num="9989" action="FAIL"><STRING1>SSL憑證錯誤</STRING1></CODE9989>
   <CODE9988 num="9988" action="FAIL"><STRING1>SSL連線無法建立</STRING1></CODE9988>
   <CODE9987 num="9987" action="FAIL"><STRING1>SSL無效憑證</STRING1></CODE9987>
   <CODE9986 num="9986" action="FAIL"><STRING1>使用者取消操作</STRING1></CODE9986>
   <CODE9985 num="9985" action="FAIL"><STRING1>無自動加值功能</STRING1></CODE9985>
   <CODE9984 num="9984" action="FAIL"><STRING1>卡片餘額不足</STRING1></CODE9984>
   <CODE9983 num="9983" action="FAIL"><STRING1>不允許自動加值</STRING1></CODE9983>
   <CODE9982 num="9982" action="FAIL"><STRING1>不需要自動加值</STRING1></CODE9982>
   <CODE9981 num="9981" action="FAIL"><STRING1>密碼錯誤</STRING1></CODE9981>
   <CODE9980 num="9980" action="FAIL"><STRING1>資料接收不完整</STRING1>請重試</CODE9980>
   <CODE9979 num="9979" action="FAIL"><STRING1>主機回應:鎖卡</STRING1></CODE9979>
   <CODE9978 num="9978" action="FAIL"><STRING1>主機回應:拒絕</STRING1></CODE9978>
   <CODE9977 num="9977" action="FAIL"><STRING1>主機回應:中斷</STRING1></CODE9977>
   <CODE9976 num="9976" action="FAIL"><STRING1>主機回應:請重開機</STRING1></CODE9976>
   <CODE9975 num="9975" action="FAIL"><STRING1>主機回應:安全問題</STRING1></CODE9975>
   <CODE9974 num="9974" action="FAIL"><STRING1>主機回應:SIGN ON</STRING1></CODE9974>
   <CODE9973 num="9973" action="FAIL"><STRING1>讀取RTC時間失敗</STRING1></CODE9973>
   <CODE9972 num="9972" action="FAIL"><STRING1>建立目錄失敗</STRING1></CODE9972>
   <CODE9971 num="9971" action="FAIL"><STRING1>COM通訊接收錯誤</STRING1></CODE9971>
   <CODE9970 num="9970" action="WARNING"><STRING1>讀卡機無回應</STRING1><STRING2>請檢查讀卡機</STRING2></CODE9970>
   <CODE9969 num="9969" action="WARNING"><STRING1>發送APDU錯誤</STRING1></CODE9969>
   <CODE9968 num="9968" action="WARNING"><STRING1>RS232無法開啟</STRING1></CODE9968>
   <CODE9967 num="9967" action="FAIL"><STRING1>參數錯誤</STRING1></CODE9967>
   <CODE9966 num="9966" action="FAIL"><STRING1></STRING1></CODE9966>
   <CODE9965 num="9965" action="FAIL"><STRING1>資料讀取失敗</STRING1></CODE9965>
   <CODE9964 num="9964" action="FAIL"><STRING1>批次已滿</STRING1><STRING2>請先結帳</STRING2></CODE9964>
   <CODE9963 num="9963" action="FAIL"><STRING1></STRING1></CODE9963>
   <CODE9962 num="9962" action="FAIL"><STRING1></STRING1></CODE9962>
   <CODE9961 num="9961" action="FAIL"><STRING1>不需更新參數</STRING1></CODE9961>
   <CODE9960 num="9960" action="FAIL"><STRING1>找不到TAG</STRING1></CODE9960>
   <CODE9959 num="9959" action="FAIL"><STRING1>參數無效</STRING1></CODE9959>
   <CODE9958 num="9958" action="FAIL"><STRING1>錯誤訊息</STRING1></CODE9958>
   <CODE9957 num="9957" action="FAIL"><STRING1>網路接收逾時</STRING1></CODE9957>
   <CODE9956 num="9956" action="FAIL"><STRING1>尚有交易資料</STRING1><STRING2>請先結帳</STRING2></CODE9956>
   <CODE9955 num="9955" action="FAIL"><STRING1>找不到對應交易資料</STRING1></CODE9955>
   <CODE9954 num="9954" action="FAIL"><STRING1>讀卡機有變動</STRING1><STRING2>請確認!!</STRING2></CODE9954>
   <CODE9953 num="9953" action="FAIL"><STRING1>請重試</STRING1></CODE9953>
   <CODE9952 num="9952" action="FAIL"><STRING1>找不到交易</STRING1></CODE9952>
   <CODE9951 num="9951" action="FAIL"><STRING1>主機回應錯誤</STRING1></CODE9951>
   <CODE9950 num="9950" action="FAIL"><STRING1>未設定密碼，無法交易</STRING1><STRING2>請報修!!</STRING2></CODE9950>
   <CODE9949 num="9949" action="FAIL"><STRING1>系統錯誤</STRING1><STRING2>請報修!!</STRING2></CODE9949>
   </AP>  
	<CMAS name="錯誤代碼">
		<CODE00 num="00" action="OK"><STRING1>00訊息處理成功</STRING1></CODE00>
		<CODE03 num="03" action="REJECT"><STRING1>不合法的端末設備</STRING1></CODE03>
		<CODE04 num="04" action="LOCK"><STRING1>卡片禁用</STRING1></CODE04>
		<CODE05 num="05" action="REJECT"><STRING1>卡片驗證碼錯誤</STRING1></CODE05>
		<CODE06 num="06" action="SVCS"><STRING1>SVCS拒絕交易</STRING1></CODE06>
		<CODE12 num="12" action="REJECT"><STRING1>交易不合法</STRING1></CODE12>
		<CODE13 num="13" action="REJECT"><STRING1>金額不合法</STRING1></CODE13>
		<CODE14 num="14" action="REJECT"><STRING1>卡號不合法</STRING1></CODE14>
		<CODE15 num="15" action="REJECT"><STRING1>無此發卡業者</STRING1></CODE15>
		<CODE19 num="19" action="RETRY"><STRING1>交易重複</STRING1></CODE19>
		<CODE25 num="25" action="REJECT"><STRING1>無法取得資料</STRING1></CODE25>
		<CODE30 num="30" action="REJECT"><STRING1>訊息格式檢察錯誤</STRING1></CODE30>
		<CODE41 num="41" action="REJECT"><STRING1>遺失卡</STRING1></CODE41>
		<CODE51 num="51" action="REJECT"><STRING1>額度不足</STRING1></CODE51>
		<CODE54 num="54" action="REJECT"><STRING1>卡片過期</STRING1></CODE54>
		<CODE55 num="55" action="REJECT"><STRING1>無須展期</STRING1></CODE55>
		<CODE57 num="57" action="REJECT"><STRING1>持卡人交易不被允許</STRING1></CODE57>
		<CODE58 num="58" action="REJECT"><STRING1>端末設備交易不被允許</STRING1></CODE58>
		<CODE59 num="59" action="REJECT"><STRING1>端末設備不合法</STRING1></CODE59>
		<CODE61 num="61" action="REJECT"><STRING1>超過金額上限</STRING1></CODE61>
		<CODE64 num="64" action="REJECT"><STRING1>安全檢查錯誤</STRING1></CODE64>
		<CODE65 num="65" action="REJECT"><STRING1>超過次數上限</STRING1></CODE65>
		<CODE76 num="76" action="REJECT"><STRING1>無法找到原始交易</STRING1></CODE76>
		<CODE77 num="77" action="REJECT"><STRING1>交易內容不一致</STRING1></CODE77>
		<CODE91 num="91" action="REJECT"><STRING1>後端主機</STRING1><STRING2>不在服務狀態</STRING2></CODE91>
		<CODE92 num="92" action="REJECT"><STRING1>交易逾時</STRING1></CODE92>
		<CODE94 num="94" action="REJECT"><STRING1>SVCS or STAN</STRING1><STRING2>process timeout </STRING2></CODE94>
		<CODE96	num="96" action="REJECT"><STRING1>系統發生異常</STRING1><STRING2>或資料內容有誤</STRING2></CODE96>
		<CODE97	num="97" action="REJECT"><STRING1>Call DES error</STRING1></CODE97>
		<CODE98	num="98" action="REJECT"><STRING1>悠遊卡扣款失敗</STRING1><STRING2>但auto-load成功</STRING2></CODE98>
		<CODE99	num="99" action="REJECT"><STRING1>讀寫檔案錯誤</STRING1></CODE99>
	</CMAS>
	<READER>
	  <CODE9970 num="9970" action="WARNING"><STRING1>讀卡機無回應</STRING1><STRING2>請檢查讀卡機</STRING2></CODE9970>
	  <CODE9969 num="9969" action="WARNING"><STRING1>讀卡機發送錯誤</STRING1><STRING2>請檢查讀卡機</STRING2></CODE9969>
    <CODE9968 num="9968" action="WARNING"><STRING1>讀卡機連線錯誤</STRING1><STRING2>請檢查讀卡機</STRING2></CODE9968>
		<CODE9000 num="9000" action="OK"><STRING1>執行成功</STRING1></CODE9000>
		<CODE6001 num="6001" action="ABORT"><STRING1>CLA, INS ERROR</STRING1></CODE6001>
		<CODE6002 num="6002" action="ABORT"><STRING1>P1, P2 ERROR</STRING1></CODE6002>
		<CODE6003 num="6003" action="ABORT"><STRING1>LC, LE ERROR</STRING1></CODE6003>
		<CODE6004 num="6004" action="ABORT"><STRING1>CHECK SUM ERROR</STRING1></CODE6004>
		<CODE6005 num="6005" action="ABORT"><STRING1>DATA ERROR</STRING1></CODE6005>
		<CODE6088 num="6088" action="RETRY"><STRING1>線路不良／Time Out</STRING1></CODE6088>
		<CODE6101 num="6101" action="REJECT"><STRING1>票卡不適用</STRING1><STRING2>(AID Error)</STRING2></CODE6101>
		<CODE6102 num="6102" action="REJECT"><STRING1>Issuer Code Error</STRING1><STRING2></STRING2></CODE6102>
		<CODE6103 num="6103" action="LOCK"><STRING1>CPD Error</STRING1><STRING2></STRING2></CODE6103>
		<CODE6104 num="6104" action="REJECT"><STRING1>未開卡之票卡</STRING1><STRING2>票卡狀態不符</STRING2></CODE6104>
		<CODE6105 num="6105" action="REJECT"><STRING1>主要票值格式錯誤</STRING1><STRING2></STRING2></CODE6105>
		<CODE6106 num="6106" action="REJECT"><STRING1>備份票值格式錯誤</STRING1><STRING2></STRING2></CODE6106>
		<CODE6107 num="6107" action="REJECT"><STRING1>電子票值格式錯誤</STRING1><STRING2></STRING2></CODE6107>
		<CODE6108 num="6108" action="REJECT"><STRING1>票卡過期</STRING1><STRING2></STRING2></CODE6108>
		<CODE6109 num="6109" action="REJECT"><STRING1>票卡已鎖卡</STRING1><STRING2></STRING2></CODE6109>
		<CODE610A num="610A" action="REJECT"><STRING1>票卡內檢核碼錯誤</STRING1><STRING2></STRING2></CODE610A>
		<CODE610B num="610B" action="REJECT"><STRING1>Two FAT Error</STRING1><STRING2></STRING2></CODE610B>
		<CODE610C num="610C" action="REJECT"><STRING1>FAT Content Error</STRING1><STRING2></STRING2></CODE610C>
		<CODE610D num="610D" action="REJECT"><STRING1>票卡起始日期未到</STRING1><STRING2></STRING2></CODE610D>
		<CODE610E num="610E" action="REJECT"><STRING1>CTC或TSQN</STRING1><STRING2>超出限制</STRING2></CODE610E>
		<CODE610F num="610F" action="REJECT"><STRING1> Mifare Locked</STRING1><STRING2>(6999)</STRING2></CODE610F>
		<CODE6111 num="6111" action="REJECT"><STRING1>未先正確執行CPU卡</STRING1><STRING2>上一步驟</STRING2><STRING3>或CPU卡驗證失敗</STRING3></CODE6111>
	  <CODE6201 num="6201" action="ABORT"><STRING1>找不到卡片</STRING1><STRING2></STRING2></CODE6201>
	  <CODE6202 num="6202" action="ABORT"><STRING1>讀卡失敗</STRING1><STRING2></STRING2></CODE6202>
	  <CODE6203 num="6203" action="ABORT"><STRING1>寫卡失敗</STRING1><STRING2></STRING2></CODE6203>
	  <CODE6204 num="6204" action="ABORT"><STRING1>多張卡</STRING1><STRING2></STRING2></CODE6204>
	  <CODE6205 num="6205" action="ABORT"><STRING1>RC531 </STRING1><STRING2>load key失敗</STRING2></CODE6205>
	  <CODE6206 num="6206" action="ABORT"><STRING1>RC531 Auth失敗</STRING1><STRING2></STRING2></CODE6206>
	  <CODE6207 num="6207" action="ABORT"><STRING1>CPU卡Record not found</STRING1><STRING2>超出範圍</STRING2></CODE6207>
	  <CODE6208 num="6208" action="ABORT"><STRING1>CPU卡Record不支援</STRING1><STRING2>MAC或MAC錯誤</STRING2></CODE6208>
	  <CODE6301 num="6301" action="REBOOT"><STRING1>SAM認證失敗</STRING1><STRING2></STRING2></CODE6301>
	  <CODE6302 num="6302" action="REBOOT"><STRING1>未先正確執行</STRING1><STRING2>SAM上一步驟</STRING2></CODE6302>
	  <CODE6303 num="6303" action="REBOOT"><STRING1>無SAM卡</STRING1><STRING2></STRING2></CODE6303>
	  <CODE6304 num="6304" action="SIGNON"><STRING1>請重試登入動作</STRING1><STRING2></STRING2></CODE6304>
	  <CODE6305 num="6305" action="SIGNON"><STRING1>請重試登入動作</STRING1><STRING2></STRING2></CODE6305>
	  <CODE6306 num="6306" action="REBOOT"><STRING1>SAM卡加值額度</STRING1><STRING2>(CA)不足 </STRING2></CODE6306>
	  <CODE6307 num="6307" action="REBOOT"><STRING1>舊SAM卡異常</STRING1><STRING2></STRING2></CODE6307>
	  <CODE6308 num="6308" action="REBOOT"><STRING1>需再執行端末驗證</STRING1><STRING2>以更新SAM參數</STRING2></CODE6308>
		<CODE6309 num="6309" action="REBOOT"><STRING1>新SAM卡異常</STRING1><STRING2></STRING2></CODE6309>
	  <CODE630A num="630A" action="REBOOT"><STRING1>新舊SAM卡皆異常</STRING1><STRING2></STRING2></CODE630A>
	  <CODE630B num="630B" action="REBOOT"><STRING1>STC超出限制</STRING1><STRING2></STRING2></CODE630B>
	  <CODE630C num="630C" action="REBOOT"><STRING1>SAM卡不支援該功能</STRING1><STRING2></STRING2></CODE630C>
    <CODE6401 num="6401" action="REJECT"><STRING1>取消交易</STRING1><STRING2>與上一筆交易不符</STRING2></CODE6401>
	  <CODE6402 num="6402" action="REJECT"><STRING1>交易金額超過額度</STRING1><STRING2></STRING2></CODE6402>
	  <CODE6403 num="6403" action="REJECT"><STRING1>餘額不足</STRING1><STRING2></STRING2></CODE6403>
	  <CODE6404 num="6404" action="REJECT"><STRING1>卡號錯誤</STRING1><STRING2></STRING2></CODE6404>
	  <CODE6405 num="6405" action="REJECT"><STRING1>H-TAC內容認證錯誤 </STRING1><STRING2>load key失敗</STRING2></CODE6405>
	  <CODE6406 num="6406" action="REJECT"><STRING1>禁用名單</STRING1><STRING2>展期異動名單票卡</STRING2></CODE6406>
	  <CODE6407 num="6407" action="REJECT"><STRING1>非社福卡不需展期</STRING1><STRING2></STRING2></CODE6407>
	  <CODE6408 num="6408" action="REJECT"><STRING1>HOST判斷不需展期</STRING1><STRING2></STRING2></CODE6408>
    <CODE6409 num="6409" action="REJECT"><STRING1>自動加值旗標未啟用</STRING1><STRING2></STRING2></CODE6409>
	  <CODE640A num="640A" action="REJECT"><STRING1>票卡自動加值金額為零</STRING1><STRING2></STRING2></CODE640A>
	  <CODE640B num="640B" action="REJECT"><STRING1>所查詢的該筆扣值</STRING1><STRING2>Log資料不存在</STRING2></CODE640B>
	  <CODE640C num="640C" action="REJECT"><STRING1>累計小額消費(購貨)</STRING1><STRING2>金額超出日限額</STRING2></CODE640C>
	  <CODE640D num="640D" action="REJECT"><STRING1>單次小額消費(購貨)</STRING1><STRING2>金額超出次限額</STRING2></CODE640D>
	  <CODE640E num="640E" action="LOCK"><STRING1>卡片異常</STRING1><STRING2>請冾悠遊卡客服</STRING2></CODE640E>
	  <CODE640F num="640F" action="LOCK"><STRING1>Reader累計加值金額</STRING1><STRING2>超出額度管控限制</STRING2></CODE640F>
	  <CODE6410 num="6410" action="REJECT"><STRING1>票卡不適用</STRING1><STRING2>（非普通卡）</STRING2></CODE6410>
		<CODE6411 num="6411" action="REJECT"><STRING1>票卡押金不符</STRING1><STRING2>（押金非100）</STRING2></CODE6411>
	  <CODE6412 num="6412" action="REJECT"><STRING1>超過通路退卡</STRING1><STRING2>交易額度(餘額>1000)</STRING2></CODE6412>
	  <CODE6413 num="6413" action="REJECT"><STRING1>製卡日未滿三個月</STRING1><STRING2></STRING2></CODE6413>
	  <CODE6414 num="6414" action="REJECT"><STRING1>卡片使用次數</STRING1><STRING2>未滿五次</STRING2></CODE6414>
	  <CODE6415 num="6415" action="REJECT"><STRING1>需執行交易合法驗證</STRING1><STRING2></STRING2></CODE6415>
	  <CODE6416 num="6416" action="REJECT"><STRING1>自動加值旗標已啟用</STRING1><STRING2></STRING2></CODE6416>
	  <CODE6417 num="6417" action="REJECT"><STRING1>票卡已開卡</STRING1><STRING2></STRING2></CODE6417>
	  <CODE6418 num="6418" action="REJECT"><STRING1>票卡於此通路</STRING1><STRING2>限制使用</STRING2></CODE6418>
	  <CODE6419 num="6419" action="REJECT"><STRING1>CPU卡票卡狀態</STRING1><STRING2>不適用此交易</STRING2></CODE6419>
	  <CODE641A num="641A" action="REJECT"><STRING1>PPR_SignOn</STRING1><STRING2>檢核碼(EDC)錯誤</STRING2></CODE641A>
	  <CODE641B num="641B" action="REJECT"><STRING1>交易欄位資料</STRING1><STRING2>不適用此交易(CPU卡)</STRING2></CODE641B>
	  <CODE641C num="641C" action="REJECT"><STRING1>交易欄位資料</STRING1><STRING2>不適用此交易(SAM卡)</STRING2></CODE641C>
    <CODE641D num="641D" action="REJECT"><STRING1>超出離線</STRING1><STRING2>自動加值日限次</STRING2></CODE641D>
	  <CODE641E num="641E" action="REJECT"><STRING1>VAR-押碼檢查失敗</STRING1><STRING2></STRING2></CODE641E>
		<CODE6501 num="6501" action="SECURTERR"><STRING1>Key Locked</STRING1><STRING2></STRING2></CODE6501>
	  <CODE6502 num="6502" action="SECURTERR"><STRING1>Key No Initial</STRING1><STRING2></STRING2></CODE6502>
	  <CODE6503 num="6503" action="SECURTERR"><STRING1>RAM Error</STRING1><STRING2></STRING2></CODE6503>
	  <CODE6504 num="6504" action="SECURTERR"><STRING1>Flash Failed</STRING1><STRING2></STRING2></CODE6504>
	  <CODE6505 num="6505" action="SECURTERR"><STRING1>SAM使用次數已達上限</STRING1><STRING2></STRING2></CODE6505>
	  <CODE6506 num="6506" action="SECURTERR"><STRING1>SAM使用次數異常有誤</STRING1><STRING2>(CA)不足 </STRING2></CODE6506>
	  <CODE6507 num="6507" action="SECURTERR"><STRING1>CPU卡TXN</STRING1><STRING2>Key Selection Error</STRING2></CODE6507>
	  <CODE6508 num="6508" action="SECURTERR"><STRING1>讀卡機故障</STRING1><STRING2>Key Selection Error</STRING2></CODE6508>
		<CODE6509 num="6509" action="SECURTERR"><STRING1>讀卡機故障</STRING1><STRING2>Key Selection Error</STRING2></CODE6509>
	  <CODE65FF num="65FF" action="SECURTERR"><STRING1>線路遭到攻擊破壞</STRING1><STRING2></STRING2></CODE65FF>
	  <CODE6608 num="6608" action="SECURTERR2"><STRING1>讀卡機故障</STRING1><STRING2>請報修!!</STRING2></CODE6608>
	  <CODE6620 num="6602" action="SECURTERR2"><STRING1>讀卡機故障</STRING1><STRING2>請報修!!</STRING2></CODE6620>
		</READER>		
	<ECR>
		<CODEFFAE num="FFAE" action="FAIL"><STRING1>RS232傳送失敗</STRING1><STRING2></STRING2></CODEFFAE>
		<CODEFFAD num="FFAD" action="FAIL"><STRING1>RS232接收失敗</STRING1><STRING2></STRING2></CODEFFAD>
		<CODEFFAC num="FFAC" action="FAIL"><STRING1>RS232資料格式錯誤</STRING1><STRING2></STRING2></CODEFFAC>
		<CODEFFAB num="FFAB" action="FAIL"><STRING1>EDC RS232 AP參數錯誤</STRING1><STRING2></STRING2></CODEFFAB>
		<CODEFF5E num="FF5E" action="FAIL"><STRING1>POS資料欄位錯誤</STRING1><STRING2></STRING2></CODEFF5E>
		<CODEFF5D num="FF5D" action="FAIL"><STRING1>POS資料欄位不完全</STRING1><STRING2></STRING2></CODEFF5D>
		<CODEFF5C num="FF5C" action="FAIL"><STRING1>POS資料錯誤</STRING1><STRING2></STRING2></CODEFF5C>
		<CODEFF5B num="FF5B" action="FAIL"><STRING1>傳輸介面不支援</STRING1><STRING2></STRING2></CODEFF5B>
		<CODEFF5A num="FF5A" action="FAIL"><STRING1>POS交易金額有誤</STRING1><STRING2></STRING2></CODEFF5A>
		<CODEFF59 num="FF59" action="FAIL"><STRING1>POS交易類別不支援</STRING1><STRING2></STRING2></CODEFF59>
		<CODEFF58 num="FF58" action="FAIL"><STRING1>上筆交易不成功</STRING1><STRING2></STRING2></CODEFF58>
		<CODEFF57 num="FF57" action="FAIL"><STRING1>POS交易類別有誤</STRING1><STRING2></STRING2></CODEFF57>
		<CODEFF56 num="FF56" action="FAIL"><STRING1>EDC TMS 參數有誤</STRING1><STRING2></STRING2></CODEFF56>
		<CODEFF55 num="FF55" action="FAIL"><STRING1>不支援此收銀機連線版本</STRING1><STRING2></STRING2></CODEFF55>
		<CODEFF54 num="FF54" action="FAIL"><STRING1>目前無交易,無需結帳!!</STRING1><STRING2></STRING2></CODEFF54>		
		<CODEFF53 num="FF53" action="FAIL"><STRING1>尚有交易未上傳,請重試結帳!!</STRING1><STRING2></STRING2></CODEFF53>
		<CODEFF52 num="FF52" action="FAIL"><STRING1>ECR檔案開啟失敗</STRING1><STRING2></STRING2></CODEFF52>
		<CODEFF0D num="FF0D" action="FAIL"><STRING1>USB傳送失敗</STRING1><STRING2></STRING2></CODEFF0D>
		<CODEFF0C num="FF0C" action="FAIL"><STRING1>USB接收失敗</STRING1><STRING2></STRING2></CODEFF0C>
		<CODEFF0B num="FF0B" action="FAIL"><STRING1>USB資料格式錯誤</STRING1><STRING2></STRING2></CODEFF0B>
		<CODEFF0A num="FF0A" action="FAIL"><STRING1>EDC USB AP參數錯誤</STRING1><STRING2></STRING2></CODEFF0A>
		</ECR>
		<SVCS>
			<CODE0000 num="00" action="OK"><STRING1>00交易成功</STRING1></CODE0000>
			<CODE0004 num="04" action="LOCK"><STRING1>04卡片禁用</STRING1></CODE0004>
			<CODE0005 num="05" action="REJECT"><STRING1>05卡片驗證碼錯誤</STRING1></CODE0005>
			<CODE0012 num="12" action="REJECT"><STRING1>12不合法交易</STRING1></CODE0012>
			<CODE0013 num="13" action="REJECT"><STRING1>13不合法交易金額</STRING1></CODE0013>
			<CODE0014 num="14" action="REJECT"><STRING1>14卡號不存在</STRING1></CODE0014>
			<CODE0015 num="15" action="REJECT"><STRING1>15不合法交易</STRING1></CODE0015>
			<CODE0019 num="19" action="REJECT"><STRING1>19交易重複</STRING1></CODE0019>
			<CODE0025 num="25" action="REJECT"><STRING1>25黑名單掛失卡</STRING1></CODE0025>
			<CODE0028 num="28" action="REJECT"><STRING1>28檔案無法查詢</STRING1></CODE0028>
			<CODE0030 num="30" action="REJECT"><STRING1>30格式檢查錯誤</STRING1></CODE0030>
			<CODE0041 num="41" action="REJECT"><STRING1>41遺失卡</STRING1></CODE0041>
			<CODE0051 num="51" action="REJECT"><STRING1>51額度不足</STRING1></CODE0051>
			<CODE0054 num="54" action="REJECT"><STRING1>54卡片過期</STRING1></CODE0054>
			<CODE0057 num="57" action="REJECT"><STRING1>57持卡人交易</STRING1><STRING2>不被允許</STRING2></CODE0057>
			<CODE0058 num="58" action="REJECT"><STRING1>58端末機交易</STRING1><STRING2>不被允許</STRING2></CODE0058>
			<CODE0076 num="76" action="REJECT"><STRING1>76找不到原始交易</STRING1></CODE0076>
			<CODE0077 num="77" action="REJECT"><STRING1>77與原交易內容不一致</STRING1></CODE0077>
			<CODE0091 num="91" action="REJECT"><STRING1>91Unable to forward to issue</STRING1><STRING2>Switch cus</STRING2></CODE0091>
			<CODE0092 num="92" action="REJECT"><STRING1>92Unable to route of this transaction</STRING1></CODE0092>
			<CODE0093 num="93" action="REJECT"><STRING1>93交易不被允許</STRING1></CODE0093>
			<CODE0096 num="96" action="REJECT"><STRING1>96系統發生異常</STRING1></CODE0096>
			<CODE00N0 num="N0" action="REJECT"><STRING1>N0Issus進入代行授權模式</STRING1></CODE00N0>
			<CODE00N3 num="N3" action="REJECT"><STRING1>N3</STRING1></CODE00N3>
			<CODE00N4 num="N4" action="REJECT"><STRING1>N4超過發生行代行授權條件</STRING1></CODE00N4>
			<CODE00Z3 num="Z3" action="REJECT"><STRING1>Z3</STRING1></CODE00Z3>
			<CODE00Q1 num="Q1" action="REJECT"><STRING1>Q1信用卡授權失敗</STRING1></CODE00Q1>
			<CODE00A0 num="A0" action="REJECT"><STRING1>A0SVCS主機系統錯誤</STRING1></CODEA0>
			<CODE00C0 num="C0" action="REJECT"><STRING1>C0卡號不存在</STRING1></CODE00C0>
			<CODE00FF num="FF" action="REJECT"><STRING1>FF未知錯誤</STRING1></CODE00FF>
			</SVCS>
</RESPONSE>